run_id,mode,trial,order_index,engine,skew,alpha,duration_sec,wall_sec,ops,reads,updates,errors,logical_write_mb,host_write_mb,hd_waf,host_write_rate_mib_s,telemetry_span_sec,ops_per_sec,cpu_seconds,process_cpu_util_percent
final_trial01_rocksdb_uniform,final,1,2,rocksdb,uniform,0.0,1800,1800.00013,1626481324,813221343,813259981,0,77558.51564407349,123082.51953125,1.5869633206505953,68.39421432127514,1799.6042611598969,903600.6702955072,7291.327119,33.756142
final_trial02_rocksdb_uniform,final,2,1,rocksdb,uniform,0.0,1800,1800.000083,1630830107,815394535,815435572,0,77765.99617004395,123316.40625,1.5857368557377578,68.4971361833118,1800.3147740364075,906016.6843336752,7295.967785,33.777627
final_trial03_rocksdb_uniform,final,3,1,rocksdb,uniform,0.0,1800,1800.00013,1633887210,816924252,816962958,0,77911.6590499878,122870.60546875,1.5770503024446796,68.2637224767501,1799.940012216568,907715.0511094686,7294.001399,33.768523
final_trial01_rocksdb_zipfian_extreme,final,1,4,rocksdb,zipfian_extreme,1.2,1800,1800.000302,2020776863,1010390309,1010386554,0,96357.97061920166,132715.33203125,1.377315557586092,73.68675937830986,1801.0743470191956,1122653.6244214475,7134.574121,33.03043
final_trial02_rocksdb_zipfian_extreme,final,2,4,rocksdb,zipfian_extreme,1.2,1800,1800.00035,2007604693,1003805998,1003798695,0,95729.70342636108,131898.92578125,1.3778265372221867,73.29852083550433,1799.4759550094604,1115335.7236847205,7089.270518,32.82069
final_trial03_rocksdb_zipfian_extreme,final,3,3,rocksdb,zipfian_extreme,1.2,1800,1800.000199,2007974751,1003989702,1003985049,0,95747.47552871704,131847.65625,1.3770353267481774,73.27517476404422,1799.3495979309082,1115541.4050040336,7074.780744,32.753611
final_trial01_rocksdb_zipfian_standard,final,1,1,rocksdb,zipfian_standard,0.99,1800,1800.000154,1810251330,905129732,905121598,0,86319.12212371826,120380.37109375,1.3945967953799727,66.86397801918365,1800.3770439624786,1005695.0972905306,7254.813562,33.587097
final_trial02_rocksdb_zipfian_standard,final,2,2,rocksdb,zipfian_standard,0.99,1800,1800.000238,1789536208,894765423,894770785,0,85331.99167251587,119151.85546875,1.396332760238702,66.15177631700685,1801.189054965973,994186.650768654,7150.147835,33.102532
final_trial03_rocksdb_zipfian_standard,final,3,4,rocksdb,zipfian_standard,0.99,1800,1800.000424,1796075694,898033442,898042252,0,85643.98307800293,119251.953125,1.3924148415235145,66.17531392779932,1802.0610110759735,997819.5949580509,7185.22429,33.264919
final_trial01_wiredtiger_uniform,final,1,3,wiredtiger,uniform,0.0,1800,1800.083231,382425622,191216848,191208774,0,18235.089683532715,313341.30859375,17.18342569363475,173.95432989611479,1801.2849049568176,212448.85537184362,6247.541338,28.922465
final_trial02_wiredtiger_uniform,final,2,6,wiredtiger,uniform,0.0,1800,1800.000366,405649035,202839871,202809164,0,19341.389083862305,302962.40234375,15.663942286158234,168.36848832730064,1799.400857925415,225360.5291766924,6310.773278,29.216537
final_trial03_wiredtiger_uniform,final,3,6,wiredtiger,uniform,0.0,1800,1800.084131,416908293,208471052,208437241,0,19878.12433242798,302900.390625,15.23787584580435,168.11795761520779,1801.7134809494019,231604.89324929225,6136.396577,28.407916
final_trial01_wiredtiger_zipfian_extreme,final,1,6,wiredtiger,zipfian_extreme,1.2,1800,1800.071913,2306777507,1153410628,1153366879,0,109993.6369895935,391884.765625,3.5627948702348684,217.44629984856192,1802.2139990329742,1281491.8617087493,5200.896899,24.077264
final_trial02_wiredtiger_zipfian_extreme,final,2,3,wiredtiger,zipfian_extreme,1.2,1800,1800.000658,2313824107,1156930245,1156893862,0,110329.99629974365,391952.63671875,3.5525482630661585,217.74923397862253,1800.0184412002563,1285457.3673161403,5207.01279,24.106532
final_trial03_wiredtiger_zipfian_extreme,final,3,5,wiredtiger,zipfian_extreme,1.2,1800,1800.00069,2304887325,1152460864,1152426461,0,109903.95174026489,389065.91796875,3.540053945359729,215.9665239307419,1801.5103030204773,1280492.4674778874,5141.137414,23.801553
final_trial01_wiredtiger_zipfian_standard,final,1,5,wiredtiger,zipfian_standard,0.99,1800,1800.07766,2438729668,1219373239,1219356429,0,116286.89088821411,313254.39453125,2.6938066031224412,173.9500573874433,1800.829498052597,1354791.3638348249,6624.065939,30.665649
final_trial02_wiredtiger_zipfian_standard,final,2,5,wiredtiger,zipfian_standard,0.99,1800,1800.189508,2458768379,1229392605,1229375774,0,117242.41008758545,315347.16796875,2.689702196783325,174.85894595768778,1803.437429189682,1365838.6342511668,6723.426577,31.123698
final_trial03_wiredtiger_zipfian_standard,final,3,2,wiredtiger,zipfian_standard,0.99,1800,1800.001468,2360409502,1180215280,1180194222,0,112552.0917892456,323635.7421875,2.875430718724532,179.59876552718922,1801.9931330680847,1311337.542753604,6654.627015,30.808433
